YEAR,MONTH,DAY,ORIGIN_AIRPORT,DESTINATION_AIRPORT,SCHEDULED_ARRIVAL,CANCELLATION_REASON,AIRLINE_DELAY
2015,01,01,DFW,ATL,1032,Weather,
2015,01,01,DFW,ATL,1445,Weather,
2015,01,02,BTR,ATL,1413,Weather,
2015,01,02,BTR,ATL,1729,Weather,
2015,01,03,MCI,ATL,1005,Weather,
2015,01,03,MCI,ATL,1124,Weather,
2015,01,03,VPS,ATL,1140,Weather,
2015,01,03,ROA,ATL,1215,Weather,
2015,01,03,BTR,ATL,1947,Weather,
2015,01,03,HPN,ATL,1949,Weather,
2015,01,03,TLH,ATL,1856,Weather,
2015,01,03,ROA,ATL,1923,Weather,
2015,01,03,HPN,ATL,2155,Weather,
2015,01,04,BTR,ATL,0735,Weather,
2015,01,04,CRW,ATL,1814,Weather,
2015,01,06,PIA,ATL,0858,Weather,
2015,01,06,BMI,ATL,0835,Weather,
2015,01,06,MLI,ATL,0848,Weather,
2015,01,06,SHV,ATL,0940,Weather,
2015,01,06,DCA,ATL,1115,Weather,
2015,01,06,PHL,ATL,1305,Weather,
2015,01,06,BWI,ATL,1315,Weather,
2015,01,06,EWR,ATL,1505,Weather,
2015,01,07,ORD,ATL,1920,Weather,
2015,01,08,MDW,ATL,1100,Weather,
2015,01,08,MDW,ATL,1818,Weather,
2015,01,08,MDW,ATL,2125,Weather,
2015,01,09,LGA,ATL,1440,Weather,
2015,01,10,GRK,ATL,0932,Weather,
2015,01,10,AUS,ATL,0950,Weather,
2015,01,12,DCA,ATL,0810,Weather,
2015,01,12,PHL,ATL,0835,Weather,
2015,01,12,SBN,ATL,0839,Weather,
2015,01,12,ORD,ATL,1249,Weather,
2015,01,12,ABY,ATL,1248,Weather,
2015,01,12,LGA,ATL,1554,Weather,
2015,01,12,TLH,ATL,1650,Weather,
2015,01,12,PNS,ATL,1819,Weather,
2015,01,12,ORD,ATL,1920,Weather,
2015,01,12,CMH,ATL,1810,Weather,
2015,01,12,BMI,ATL,1925,Weather,
2015,01,12,SGF,ATL,2010,Weather,
2015,01,12,VLD,ATL,1905,Weather,
2015,01,12,PVD,ATL,2100,Weather,
2015,01,12,PNS,ATL,2036,Weather,
2015,01,13,VPS,ATL,0734,Weather,
2015,01,13,SAV,ATL,0638,Weather,
2015,01,13,VLD,ATL,0646,Weather,
2015,01,13,ABY,ATL,0650,Weather,
2015,01,13,EWN,ATL,0735,Weather,
2015,01,13,SAV,ATL,0742,Weather,
2015,01,13,ECP,ATL,0929,Weather,
2015,01,13,CHS,ATL,0839,Weather,
2015,01,13,VPS,ATL,0949,Weather,
2015,01,13,GNV,ATL,0858,Weather,
2015,01,13,CHS,ATL,0948,Weather,
2015,01,14,DCA,ATL,0810,Weather,
2015,01,14,OAJ,ATL,0732,Weather,
2015,01,14,BWI,ATL,1055,Weather,
2015,01,14,MCO,ATL,1130,Weather,
2015,01,14,IAH,ATL,1506,Weather,
2015,01,20,MDW,ATL,2125,Weather,
2015,01,21,BWI,ATL,1500,Weather,
2015,01,21,PHL,ATL,1842,Weather,
2015,01,23,ROA,ATL,1814,Weather,
2015,01,24,MGM,ATL,0734,Weather,
2015,01,24,HPN,ATL,0828,Weather,
2015,01,24,AVP,ATL,0856,Weather,
2015,01,24,BDL,ATL,0935,Weather,
2015,01,24,LGA,ATL,0950,Weather,
2015,01,24,BWI,ATL,0910,Weather,
2015,01,24,PHL,ATL,0950,Weather,
2015,01,24,LGA,ATL,1440,Weather,
2015,01,24,LGA,ATL,1554,Weather,
2015,01,26,DCA,ATL,0810,Weather,
2015,01,26,PHL,ATL,1019,Weather,
2015,01,26,ORD,ATL,1431,Weather,
2015,01,26,IAH,ATL,1555,Weather,
2015,01,26,LGA,ATL,1815,Weather,
2015,01,26,BDL,ATL,1814,Weather,
2015,01,26,HPN,ATL,1756,Weather,
2015,01,26,PHL,ATL,1810,Weather,
2015,01,26,LGA,ATL,1957,Weather,
2015,01,26,HPN,ATL,1950,Weather,
2015,01,26,LGA,ATL,2017,Weather,
2015,01,26,JFK,ATL,2023,Weather,
2015,01,26,LGA,ATL,2054,Weather,
2015,01,26,EWR,ATL,2055,Weather,
2015,01,26,PVD,ATL,2100,Weather,
2015,01,26,LGA,ATL,2120,Weather,
2015,01,26,LGA,ATL,2146,Weather,
2015,01,26,LGA,ATL,2147,Weather,
2015,01,26,LGA,ATL,2222,Weather,
2015,01,26,EWR,ATL,2211,Weather,
2015,01,26,LGA,ATL,2252,Weather,
2015,01,26,PHL,ATL,2240,Weather,
2015,01,27,BDL,ATL,0840,Weather,
2015,01,27,ALB,ATL,0904,Weather,
2015,01,27,BOS,ATL,0912,Weather,
2015,01,27,LGA,ATL,0844,Weather,
2015,01,27,HPN,ATL,0828,Weather,
2015,01,27,TTN,ATL,0819,Weather,
2015,01,27,BOS,ATL,0920,Weather,
2015,01,27,PHL,ATL,0835,Weather,
2015,01,27,JFK,ATL,0845,Weather,
2015,01,27,BDL,ATL,0859,Weather,
2015,01,27,LGA,ATL,0915,Weather,
2015,01,27,EWR,ATL,0918,Weather,
2015,01,27,EWR,ATL,0916,Weather,
2015,01,27,ABE,ATL,0904,Weather,
2015,01,27,PVD,ATL,0944,Weather,
2015,01,27,PWM,ATL,1012,Weather,
2015,01,27,MHT,ATL,1008,Weather,
2015,01,27,LGA,ATL,0942,Weather,
2015,01,27,LGA,ATL,0936,Weather,
2015,01,27,BOS,ATL,1026,Weather,
2015,01,27,BDL,ATL,1011,Weather,
2015,01,27,HPN,ATL,1001,Weather,
2015,01,27,EWR,ATL,1025,Weather,
2015,01,27,PHL,ATL,1019,Weather,
2015,01,27,LGA,ATL,1051,Weather,
2015,01,27,DCA,ATL,1009,Weather,
2015,01,27,BOS,ATL,1127,Weather,
2015,01,27,EWR,ATL,1103,Weather,
2015,01,27,JFK,ATL,1113,Weather,
2015,01,27,JFK,ATL,1111,Weather,
2015,01,27,PHL,ATL,1112,Weather,
2015,01,27,LGA,ATL,1200,Weather,
2015,01,27,EWR,ATL,1144,Weather,
2015,01,27,LGA,ATL,1215,Weather,
2015,01,27,PHL,ATL,1213,Weather,
2015,01,27,LGA,ATL,1238,Weather,
2015,01,27,LGA,ATL,1255,Weather,
2015,01,27,HPN,ATL,1242,Weather,
2015,01,27,BDL,ATL,1300,Weather,
2015,01,27,EWR,ATL,1310,Weather,
2015,01,27,PHL,ATL,1305,Weather,
2015,01,27,LGA,ATL,1347,Weather,
2015,01,27,BOS,ATL,1410,Weather,
2015,01,27,BOS,ATL,1425,Weather,
2015,01,27,PHL,ATL,1357,Weather,
2015,01,27,EWR,ATL,1420,Weather,
2015,01,27,LGA,ATL,1440,Weather,
2015,01,27,BOS,ATL,1517,Weather,
2015,01,27,PVD,ATL,1512,Weather,
2015,01,27,EWR,ATL,1500,Weather,
2015,01,27,ALB,ATL,1531,Weather,
2015,01,27,BDL,ATL,1535,Weather,
2015,01,27,IAH,ATL,1555,Weather,
2015,01,27,LGA,ATL,1548,Weather,
2015,01,27,EWR,ATL,1538,Weather,
2015,01,27,LGA,ATL,1554,Weather,
2015,01,27,BOS,ATL,1636,Weather,
2015,01,27,EWR,ATL,1626,Weather,
2015,01,27,LGA,ATL,1650,Weather,
2015,01,27,EWR,ATL,1650,Weather,
2015,01,27,BOS,ATL,1758,Weather,
2015,01,27,LGA,ATL,1753,Weather,
2015,01,27,BOS,ATL,1835,Weather,
2015,01,27,LGA,ATL,1815,Weather,
2015,01,27,BDL,ATL,1810,Weather,
2015,01,27,BDL,ATL,1814,Weather,
2015,01,27,HPN,ATL,1756,Weather,
2015,01,27,JFK,ATL,1814,Weather,
2015,01,27,EWR,ATL,1815,Weather,
2015,01,27,LGA,ATL,1853,Weather,
2015,01,27,BOS,ATL,1906,Weather,
2015,01,27,EWR,ATL,1841,Weather,
2015,01,27,PHL,ATL,1842,Weather,
2015,01,27,EWR,ATL,1925,Weather,
2015,01,27,LGA,ATL,1955,Weather,
2015,01,27,BOS,ATL,2029,Weather,
2015,01,27,HPN,ATL,1950,Weather,
2015,01,27,LGA,ATL,2017,Weather,
2015,01,27,JFK,ATL,2023,Weather,
2015,01,27,ALB,ATL,2035,Weather,
2015,01,27,LGA,ATL,2054,Weather,
2015,01,27,EWR,ATL,2055,Weather,
2015,01,27,PVD,ATL,2100,Weather,
2015,01,27,BDL,ATL,2105,Weather,
2015,01,27,PHL,ATL,2049,Weather,
2015,01,27,LGA,ATL,2120,Weather,
2015,01,27,LGA,ATL,2146,Weather,
2015,01,27,LGA,ATL,2147,Weather,
2015,01,27,JFK,ATL,2209,Weather,
2015,01,27,LGA,ATL,2222,Weather,
2015,01,27,EWR,ATL,2230,Weather,
2015,01,27,LGA,ATL,2252,Weather,
2015,01,27,PHL,ATL,2240,Weather,
2015,01,28,BDL,ATL,0840,Weather,
2015,01,28,BOS,ATL,0912,Weather,
2015,01,28,HPN,ATL,0828,Weather,
2015,01,28,BOS,ATL,0920,Weather,
2015,01,28,JFK,ATL,0845,Weather,
2015,01,28,LGA,ATL,0915,Weather,
2015,01,28,EWR,ATL,0917,Weather,
2015,01,28,PWM,ATL,1012,Weather,
2015,01,28,MHT,ATL,1008,Weather,
2015,01,28,LGA,ATL,0936,Weather,
2015,01,28,BOS,ATL,1026,Weather,
2015,01,28,HPN,ATL,1001,Weather,
2015,01,28,EWR,ATL,1025,Weather,
2015,01,28,LGA,ATL,1051,Weather,
2015,01,28,BOS,ATL,1127,Weather,
2015,01,28,EWR,ATL,1103,Weather,
2015,01,28,EWR,ATL,1144,Weather,
2015,01,28,LGA,ATL,1238,Weather,
2015,01,28,SFO,ATL,1825,Weather,
2015,01,28,BOS,ATL,1425,Weather,
2015,01,28,PVD,ATL,1512,Weather,
2015,01,28,BOS,ATL,1636,Weather,
2015,01,28,LGA,ATL,1955,Weather,
2015,01,29,ORD,ATL,1249,Weather,
2015,01,31,ASE,ATL,1743,Weather,
2015,02,01,CID,ATL,0909,Weather,
2015,02,01,MDW,ATL,1100,Weather,
2015,02,01,ORD,ATL,1205,Weather,
2015,02,01,ORD,ATL,1249,Weather,
2015,02,01,MDW,ATL,1300,Weather,
2015,02,01,ORD,ATL,1419,Weather,
2015,02,01,MLI,ATL,1414,Weather,
2015,02,01,MDW,ATL,1425,Weather,
2015,02,01,BMI,ATL,1413,Weather,
2015,02,01,DSM,ATL,1512,Weather,
2015,02,01,DCA,ATL,1415,Weather,
2015,02,01,MKE,ATL,1617,Weather,
2015,02,01,MDW,ATL,1639,Weather,
2015,02,01,CID,ATL,1641,Weather,
2015,02,01,MKE,ATL,1810,Weather,
2015,02,01,MDW,ATL,1819,Weather,
2015,02,01,FWA,ATL,1834,Weather,
2015,02,01,DSM,ATL,1954,Weather,
2015,02,01,MDW,ATL,2025,Weather,
2015,02,01,MDW,ATL,2101,Weather,
2015,02,01,MDW,ATL,2225,Weather,
2015,02,02,BDL,ATL,0840,Weather,
2015,02,02,BOS,ATL,0912,Weather,
2015,02,02,DTW,ATL,0810,Weather,
2015,02,02,BOS,ATL,0920,Weather,
2015,02,02,PHL,ATL,0835,Weather,
2015,02,02,MKE,ATL,0925,Weather,
2015,02,02,MDW,ATL,0915,Weather,
2015,02,02,SBN,ATL,0839,Weather,
2015,02,02,LGA,ATL,0915,Weather,
2015,02,02,EWR,ATL,0916,Weather,
2015,02,02,BOS,ATL,1026,Weather,
2015,02,02,MDW,ATL,1100,Weather,
2015,02,02,BOS,ATL,1127,Weather,
2015,02,02,EWR,ATL,1120,Weather,
2015,02,02,LGA,ATL,1200,Weather,
2015,02,02,LGA,ATL,1215,Weather,
2015,02,02,ORD,ATL,1225,Weather,
2015,02,02,BOS,ATL,1251,Weather,
2015,02,02,LGA,ATL,1255,Weather,
2015,02,02,GSO,ATL,1201,Weather,
2015,02,02,LGA,ATL,1347,Weather,
2015,02,02,BOS,ATL,1410,Weather,
2015,02,02,BOS,ATL,1425,Weather,
2015,02,02,ORD,ATL,1431,Weather,
2015,02,02,LGA,ATL,1440,Weather,
2015,02,02,LGA,ATL,1452,Weather,
2015,02,02,BOS,ATL,1514,Weather,
2015,02,02,PVD,ATL,1512,Weather,
2015,02,02,EWR,ATL,1505,Weather,
2015,02,02,ORD,ATL,1548,Weather,
2015,02,02,ASE,ATL,1745,Weather,
2015,02,02,BDL,ATL,1535,Weather,
2015,02,02,LGA,ATL,1548,Weather,
2015,02,02,EWR,ATL,1538,Weather,
2015,02,02,BOS,ATL,1636,Weather,
2015,02,02,LGA,ATL,1650,Weather,
2015,02,02,DCA,ATL,1630,Weather,
2015,02,02,BOS,ATL,1758,Weather,
2015,02,02,LGA,ATL,1753,Weather,
2015,02,02,BOS,ATL,1835,Weather,
2015,02,02,BDL,ATL,1810,Weather,
2015,02,02,LGA,ATL,1853,Weather,
2015,02,02,EWR,ATL,1841,Weather,
2015,02,02,ORD,ATL,1920,Weather,
2015,02,02,LGA,ATL,1957,Weather,
2015,02,02,BOS,ATL,2029,Weather,
2015,02,02,HPN,ATL,1950,Weather,
2015,02,02,LGA,ATL,2017,Weather,
2015,02,02,ALB,ATL,2035,Weather,
2015,02,02,LGA,ATL,2054,Weather,
2015,02,02,EWR,ATL,2055,Weather,
2015,02,02,BOS,ATL,2146,Weather,
2015,02,02,LGA,ATL,2146,Weather,
2015,02,02,JFK,ATL,2209,Weather,
2015,02,02,LGA,ATL,2220,Weather,
2015,02,02,LGA,ATL,2252,Weather,
2015,02,03,BOS,ATL,0912,Weather,
2015,02,03,LGA,ATL,0844,Weather,
2015,02,03,LGA,ATL,0915,Weather,
2015,02,03,EWR,ATL,0916,Weather,
2015,02,03,LGA,ATL,0936,Weather,
2015,02,03,BOS,ATL,1026,Weather,
2015,02,03,EWR,ATL,1121,Weather,
2015,02,03,BOS,ATL,1410,Weather,
2015,02,03,BOS,ATL,1636,Weather,
2015,02,03,MDW,ATL,2025,Weather,
2015,02,04,ORD,ATL,1249,Weather,
2015,02,08,BOS,ATL,2146,Weather,
2015,02,09,BDL,ATL,0840,Weather,
2015,02,09,BOS,ATL,0912,Weather,
2015,02,09,LGA,ATL,0844,Weather,
2015,02,09,CAK,ATL,0805,Weather,
2015,02,09,BTV,ATL,0905,Weather,
2015,02,09,JFK,ATL,0845,Weather,
2015,02,09,BDL,ATL,0859,Weather,
2015,02,09,EWR,ATL,0916,Weather,
2015,02,09,EWR,ATL,0918,Weather,
2015,02,09,PVD,ATL,0944,Weather,
2015,02,09,BOS,ATL,1026,Weather,
2015,02,09,LGA,ATL,1051,Weather,
2015,02,09,BOS,ATL,1127,Weather,
2015,02,09,JFK,ATL,1113,Weather,
2015,02,09,EWR,ATL,1144,Weather,
2015,02,09,LGA,ATL,1215,Weather,
2015,02,09,BOS,ATL,1251,Weather,
2015,02,09,LGA,ATL,1255,Weather,
2015,02,09,BOS,ATL,1425,Weather,
2015,02,09,EWR,ATL,1538,Weather,
2015,02,09,BOS,ATL,1906,Weather,
2015,02,09,EWR,ATL,1841,Weather,
2015,02,09,LGA,ATL,2120,Weather,
2015,02,09,BOS,ATL,2146,Weather,
2015,02,10,PHL,ATL,0835,Weather,
2015,02,10,BOS,ATL,1026,Weather,
2015,02,10,BOS,ATL,1127,Weather,
2015,02,10,BOS,ATL,1410,Weather,
2015,02,10,BOS,ATL,1636,Weather,
2015,02,14,JFK,ATL,1116,Weather,
2015,02,14,SBN,ATL,1501,Weather,
2015,02,14,CRW,ATL,1811,Weather,
2015,02,15,SYR,ATL,0831,Weather,
2015,02,15,BOS,ATL,0857,Weather,
2015,02,15,LGA,ATL,0840,Weather,
2015,02,15,ROC,ATL,0834,Weather,
2015,02,15,SBN,ATL,0813,Weather,
2015,02,15,AVP,ATL,0826,Weather,
2015,02,15,TTN,ATL,0819,Weather,
2015,02,15,JFK,ATL,0854,Weather,
2015,02,15,PHL,ATL,0853,Weather,
2015,02,15,ABE,ATL,0856,Weather,
2015,02,15,MHT,ATL,0950,Weather,
2015,02,15,BDL,ATL,0945,Weather,
2015,02,15,BOS,ATL,1012,Weather,
2015,02,15,PWM,ATL,1015,Weather,
2015,02,15,LGA,ATL,0936,Weather,
2015,02,15,HPN,ATL,0947,Weather,
2015,02,15,ROA,ATL,0854,Weather,
2015,02,15,EWR,ATL,1025,Weather,
2015,02,15,LGA,ATL,1045,Weather,
2015,02,15,JFK,ATL,1115,Weather,
2015,02,15,EWR,ATL,1144,Weather,
2015,02,15,LGA,ATL,1156,Weather,
2015,02,15,ORF,ATL,1130,Weather,
2015,02,15,BOS,ATL,1247,Weather,
2015,02,15,LGA,ATL,1245,Weather,
2015,02,15,LGA,ATL,1238,Weather,
2015,02,15,PHL,ATL,1244,Weather,
2015,02,15,HPN,ATL,1242,Weather,
2015,02,15,BDL,ATL,1302,Weather,
2015,02,15,BWI,ATL,1245,Weather,
2015,02,15,BOS,ATL,1410,Weather,
2015,02,15,LGA,ATL,1349,Weather,
2015,02,15,PVD,ATL,1400,Weather,
2015,02,15,BWI,ATL,1315,Weather,
2015,02,15,BOS,ATL,1425,Weather,
2015,02,15,LGA,ATL,1440,Weather,
2015,02,15,DCA,ATL,1415,Weather,
2015,02,15,ORF,ATL,1437,Weather,
2015,02,15,BDL,ATL,1533,Weather,
2015,02,15,EWR,ATL,1540,Weather,
2015,02,15,BOS,ATL,1638,Weather,
2015,02,15,ORF,ATL,1647,Weather,
2015,02,15,BOS,ATL,1752,Weather,
2015,02,15,BDL,ATL,1810,Weather,
2015,02,15,BDL,ATL,1810,Weather,
2015,02,15,BOS,ATL,1835,Weather,
2015,02,15,LGA,ATL,1815,Weather,
2015,02,15,BOS,ATL,1923,Weather,
2015,02,15,ORF,ATL,1830,Weather,
2015,02,15,BOS,ATL,2044,Weather,
2015,02,15,LGA,ATL,2120,Weather,
2015,02,15,JFK,ATL,2235,Weather,
2015,02,16,BNA,ATL,0735,Weather,
2015,02,16,BDL,ATL,0840,Weather,
2015,02,16,LIT,ATL,0835,Weather,
2015,02,16,XNA,ATL,0847,Weather,
2015,02,16,OKC,ATL,0911,Weather,
2015,02,16,SDF,ATL,0730,Weather,
2015,02,16,BOS,ATL,0920,Weather,
2015,02,16,BNA,ATL,0839,Weather,
2015,02,16,LGA,ATL,0915,Weather,
2015,02,16,LIT,ATL,0949,Weather,
2015,02,16,AVL,ATL,0822,Weather,
2015,02,16,BNA,ATL,1014,Weather,
2015,02,16,EWR,ATL,1103,Weather,
2015,02,16,LEX,ATL,1030,Weather,
2015,02,16,MEM,ATL,1128,Weather,
2015,02,16,BNA,ATL,1122,Weather,
2015,02,16,LIT,ATL,1259,Weather,
2015,02,16,BNA,ATL,1255,Weather,
2015,02,16,MEM,ATL,1310,Weather,
2015,02,16,ROA,ATL,1216,Weather,
2015,02,16,CRW,ATL,1259,Weather,
2015,02,16,MEM,ATL,1425,Weather,
2015,02,16,BNA,ATL,1420,Weather,
2015,02,16,LIT,ATL,1454,Weather,
2015,02,16,ROA,ATL,1518,Weather,
2015,02,16,EWR,ATL,1625,Weather,
2015,02,16,LEX,ATL,1520,Weather,
2015,02,16,SDF,ATL,1535,Weather,
2015,02,16,CRW,ATL,1531,Weather,
2015,02,16,TYS,ATL,1510,Weather,
2015,02,16,BNA,ATL,1650,Weather,
2015,02,16,MEM,ATL,1705,Weather,
2015,02,16,BNA,ATL,1820,Weather,
2015,02,16,MEM,ATL,1835,Weather,
2015,02,16,CRW,ATL,1812,Weather,
2015,02,16,ROA,ATL,1814,Weather,
2015,02,16,LEX,ATL,1820,Weather,
2015,02,16,SDF,ATL,1820,Weather,
2015,02,16,DCA,ATL,1904,Weather,
2015,02,16,PHF,ATL,1910,Weather,
2015,02,16,BNA,ATL,1947,Weather,
2015,02,16,SDF,ATL,2000,Weather,
2015,02,16,CLT,ATL,1958,Weather,
2015,02,16,SDF,ATL,2104,Weather,
2015,02,16,RDU,ATL,2127,Weather,
2015,02,16,CLT,ATL,2133,Weather,
2015,02,16,DCA,ATL,2305,Weather,
2015,02,16,CLT,ATL,2332,Weather,
2015,02,17,GSO,ATL,0645,Weather,
2015,02,17,BNA,ATL,0735,Weather,
2015,02,17,ORF,ATL,0725,Weather,
2015,02,17,GSP,ATL,0644,Weather,
2015,02,17,RIC,ATL,0752,Weather,
2015,02,17,SDF,ATL,0730,Weather,
2015,02,17,PHF,ATL,0757,Weather,
2015,02,17,DCA,ATL,0754,Weather,
2015,02,17,DCA,ATL,0810,Weather,
2015,02,17,RDU,ATL,0730,Weather,
2015,02,17,IAD,ATL,0756,Weather,
2015,02,17,OAJ,ATL,0730,Weather,
2015,02,17,PHL,ATL,0835,Weather,
2015,02,17,LEX,ATL,0729,Weather,
2015,02,17,RIC,ATL,0805,Weather,
2015,02,17,TRI,ATL,0729,Weather,
2015,02,17,BWI,ATL,0835,Weather,
2015,02,17,RDU,ATL,0805,Weather,
2015,02,17,CHO,ATL,0825,Weather,
2015,02,17,DCA,ATL,0907,Weather,
2015,02,17,GSP,ATL,0803,Weather,
2015,02,17,RDU,ATL,0843,Weather,
2015,02,17,LGA,ATL,0936,Weather,
2015,02,17,RIC,ATL,0908,Weather,
2015,02,17,ROA,ATL,0853,Weather,
2015,02,17,LEX,ATL,0900,Weather,
2015,02,17,PHL,ATL,1007,Weather,
2015,02,17,TRI,ATL,0845,Weather,
2015,02,17,BWI,ATL,0938,Weather,
2015,02,17,DCA,ATL,1005,Weather,
2015,02,17,RDU,ATL,0955,Weather,
2015,02,17,TYS,ATL,0940,Weather,
2015,02,17,DCA,ATL,1111,Weather,
2015,02,17,DCA,ATL,1115,Weather,
2015,02,17,DCA,ATL,1200,Weather,
2015,02,17,DCA,ATL,1305,Weather,
2015,02,17,CLT,ATL,1251,Weather,
2015,02,17,TYS,ATL,1305,Weather,
2015,02,17,DCA,ATL,1403,Weather,
2015,02,17,DCA,ATL,1415,Weather,
2015,02,17,RIC,ATL,1500,Weather,
2015,02,17,RDU,ATL,1500,Weather,
2015,02,17,TYS,ATL,1510,Weather,
2015,02,17,RIC,ATL,1810,Weather,
2015,02,17,RIC,ATL,1955,Weather,
2015,02,18,ROA,ATL,1518,Weather,
2015,02,18,CRW,ATL,1531,Weather,
2015,02,18,TRI,ATL,1619,Weather,
2015,02,18,CRW,ATL,1812,Weather,
2015,02,18,ROA,ATL,1814,Weather,
2015,02,18,DCA,ATL,1900,Weather,
2015,02,18,CHO,ATL,1857,Weather,
2015,02,20,MEM,ATL,1425,Weather,
2015,02,20,MEM,ATL,1705,Weather,
2015,02,20,SGF,ATL,2038,Weather,
2015,02,20,BNA,ATL,2056,Weather,
2015,02,20,CHA,ATL,2054,Weather,
2015,02,20,STL,ATL,2325,Weather,
2015,02,21,DHN,ATL,0729,Weather,
2015,02,21,CMH,ATL,0805,Weather,
2015,02,21,IND,ATL,0805,Weather,
2015,02,21,STL,ATL,0950,Weather,
2015,02,21,TYS,ATL,0938,Weather,
2015,02,21,TRI,ATL,1124,Weather,
2015,02,21,ROA,ATL,1214,Weather,
2015,02,21,STL,ATL,1420,Weather,
2015,02,21,TYS,ATL,1300,Weather,
2015,02,21,DCA,ATL,1420,Weather,
2015,02,21,ASE,ATL,1743,Weather,
2015,02,21,DCA,ATL,1533,Weather,
2015,02,21,ROA,ATL,1516,Weather,
2015,02,21,PHL,ATL,1618,Weather,
2015,02,21,CHO,ATL,1544,Weather,
2015,02,21,DCA,ATL,1605,Weather,
2015,02,21,DCA,ATL,1701,Weather,
2015,02,21,PHL,ATL,1805,Weather,
2015,02,21,BWI,ATL,1810,Weather,
2015,02,21,CAK,ATL,1805,Weather,
2015,02,21,CMH,ATL,1805,Weather,
2015,02,21,DCA,ATL,1902,Weather,
2015,02,21,BWI,ATL,1951,Weather,
2015,02,21,LGA,ATL,2054,Weather,
2015,02,21,PHL,ATL,2053,Weather,
2015,02,21,DEN,ATL,2315,Weather,
2015,02,21,DCA,ATL,2105,Weather,
2015,02,21,DCA,ATL,2220,Weather,
2015,02,22,LGA,ATL,0840,Weather,
2015,02,22,CHO,ATL,0825,Weather,
2015,02,22,BDL,ATL,0945,Weather,
2015,02,22,DCA,ATL,0909,Weather,
2015,02,22,MSY,ATL,0935,Weather,
2015,02,22,ROA,ATL,0854,Weather,
2015,02,22,PHL,ATL,0950,Weather,
2015,02,22,DCA,ATL,1005,Weather,
2015,02,22,LGA,ATL,1156,Weather,
2015,02,22,DCA,ATL,1111,Weather,
2015,02,22,EWR,ATL,1144,Weather,
2015,02,22,LGA,ATL,1245,Weather,
2015,02,22,DEN,ATL,1500,Weather,
2015,02,22,PHL,ATL,1305,Weather,
2015,02,22,ASE,ATL,1745,Weather,
2015,02,22,HPN,ATL,1757,Weather,
2015,02,22,CAK,ATL,1820,Weather,
2015,02,23,SHV,ATL,0808,Weather,
2015,02,23,MLU,ATL,0827,Weather,
2015,02,23,DAL,ATL,0930,Weather,
2015,02,23,SHV,ATL,0910,Weather,
2015,02,23,GRK,ATL,0933,Weather,
2015,02,23,GTR,ATL,0852,Weather,
2015,02,23,DFW,ATL,1000,Weather,
2015,02,23,DAL,ATL,1005,Weather,
2015,02,23,SHV,ATL,1009,Weather,
2015,02,23,DFW,ATL,1033,Weather,
2015,02,23,DAL,ATL,1314,Weather,
2015,02,23,GTR,ATL,1245,Weather,
2015,02,23,MLU,ATL,1328,Weather,
2015,02,23,SHV,ATL,1357,Weather,
2015,02,23,DAL,ATL,1425,Weather,
2015,02,23,DFW,ATL,1426,Weather,
2015,02,23,DAL,ATL,1554,Weather,
2015,02,23,DFW,ATL,1558,Weather,
2015,02,23,SHV,ATL,1607,Weather,
2015,02,23,AEX,ATL,1615,Weather,
2015,02,23,DFW,ATL,1642,Weather,
2015,02,23,DFW,ATL,1713,Weather,
2015,02,23,MLU,ATL,1638,Weather,
2015,02,23,DFW,ATL,1805,Weather,
2015,02,23,DAL,ATL,1845,Weather,
2015,02,23,DFW,ATL,1932,Weather,
2015,02,23,SHV,ATL,2000,Weather,
2015,02,23,MDW,ATL,2125,Weather,
2015,02,23,DFW,ATL,2244,Weather,
2015,02,23,HOU,ATL,2250,Weather,
2015,02,23,MDW,ATL,2335,Weather,
2015,02,23,STL,ATL,2325,Weather,
2015,02,23,MCO,ATL,2240,Weather,
2015,02,23,SEA,ATL,0618,Weather,
2015,02,23,LAX,ATL,0650,Weather,
2015,02,24,LAS,ATL,0715,Weather,
2015,02,24,PHX,ATL,0630,Weather,
2015,02,24,TPA,ATL,0640,Weather,
2015,02,24,MCO,ATL,0646,Weather,
2015,02,24,HSV,ATL,0722,Weather,
2015,02,24,GSO,ATL,0645,Weather,
2015,02,24,BNA,ATL,0734,Weather,
2015,02,24,ORF,ATL,0725,Weather,
2015,02,24,CHS,ATL,0641,Weather,
2015,02,24,AVL,ATL,0648,Weather,
2015,02,24,ORD,ATL,0854,Weather,
2015,02,24,CVG,ATL,0734,Weather,
2015,02,24,FLL,ATL,0735,Weather,
2015,02,24,TLH,ATL,0650,Weather,
2015,02,24,RSW,ATL,0730,Weather,
2015,02,24,DFW,ATL,0851,Weather,
2015,02,24,MCI,ATL,0901,Weather,
2015,02,24,PNS,ATL,0808,Weather,
2015,02,24,ECP,ATL,0811,Weather,
2015,02,24,RDU,ATL,0730,Weather,
2015,02,24,LIT,ATL,0835,Weather,
2015,02,24,MEM,ATL,0823,Weather,
2015,02,24,PHF,ATL,0757,Weather,
2015,02,24,DCA,ATL,0755,Weather,
2015,02,24,FNT,ATL,0827,Weather,
2015,02,24,IND,ATL,0740,Weather,
2015,02,24,BDL,ATL,0853,Weather,
2015,02,24,STL,ATL,0844,Weather,
2015,02,24,SDF,ATL,0730,Weather,
2015,02,24,ROC,ATL,0834,Weather,
2015,02,24,CMH,ATL,0743,Weather,
2015,02,24,CHA,ATL,0650,Weather,
2015,02,24,DAB,ATL,0725,Weather,
2015,02,24,DCA,ATL,0810,Weather,
2015,02,24,HOU,ATL,0855,Weather,
2015,02,24,DTW,ATL,0810,Weather,
2015,02,24,IAD,ATL,0756,Weather,
2015,02,24,TUL,ATL,0857,Weather,
2015,02,24,JAN,ATL,0823,Weather,
2015,02,24,RIC,ATL,0752,Weather,
2015,02,24,MIA,ATL,0801,Weather,
2015,02,24,MCI,ATL,0905,Weather,
2015,02,24,SAT,ATL,0922,Weather,
2015,02,24,CMH,ATL,0805,Weather,
2015,02,24,MSP,ATL,0950,Weather,
2015,02,24,DAY,ATL,0810,Weather,
2015,02,24,PHL,ATL,0853,Weather,
2015,02,24,MCO,ATL,0751,Weather,
2015,02,24,MDW,ATL,0915,Weather,
2015,02,24,RIC,ATL,0805,Weather,
2015,02,24,BNA,ATL,0839,Weather,
2015,02,24,MLB,ATL,0802,Weather,
2015,02,24,LGA,ATL,0915,Weather,
2015,02,24,CHS,ATL,0741,Weather,
2015,02,24,MDT,ATL,0855,Weather,
2015,02,24,SAV,ATL,0739,Weather,
2015,02,24,GRR,ATL,0846,Weather,
2015,02,24,BWI,ATL,0835,Weather,
2015,02,24,TPA,ATL,0800,Weather,
2015,02,24,AUS,ATL,0938,Weather,
2015,02,24,AUS,ATL,0950,Weather,
2015,02,24,RDU,ATL,0805,Weather,
2015,02,24,SAT,ATL,0950,Weather,
2015,02,24,HOU,ATL,0943,Weather,
2015,02,24,BHM,ATL,0854,Weather,
2015,02,24,MSY,ATL,0920,Weather,
2015,02,24,DFW,ATL,1000,Weather,
2015,02,24,CLT,ATL,0824,Weather,
2015,02,24,BOS,ATL,1015,Weather,
2015,02,24,MYR,ATL,0828,Weather,
2015,02,24,GSP,ATL,0803,Weather,
2015,02,24,ORF,ATL,0904,Weather,
2015,02,24,PBI,ATL,0850,Weather,
2015,02,24,CAE,ATL,0810,Weather,
2015,02,24,STL,ATL,0947,Weather,
2015,02,24,MKE,ATL,1021,Weather,
2015,02,24,MSY,ATL,0925,Weather,
2015,02,24,RIC,ATL,0908,Weather,
2015,02,24,CHA,ATL,0804,Weather,
2015,02,24,IND,ATL,0905,Weather,
2015,02,24,CVG,ATL,0855,Weather,
2015,02,24,MEM,ATL,0941,Weather,
2015,02,24,MCO,ATL,0904,Weather,
2015,02,24,TRI,ATL,0845,Weather,
2015,02,24,PHL,ATL,1007,Weather,
2015,02,24,TPA,ATL,0909,Weather,
2015,02,24,SAV,ATL,0843,Weather,
2015,02,24,CHS,ATL,0847,Weather,
2015,02,24,DFW,ATL,1033,Weather,
2015,02,24,EWR,ATL,1026,Weather,
2015,02,24,RSW,ATL,0932,Weather,
2015,02,24,FLL,ATL,0935,Weather,
2015,02,24,MCO,ATL,0950,Weather,
2015,02,24,CLE,ATL,1015,Weather,
2015,02,24,RDU,ATL,0955,Weather,
2015,02,24,TPA,ATL,0950,Weather,
2015,02,24,DFW,ATL,1127,Weather,
2015,02,24,DTW,ATL,1054,Weather,
2015,02,24,MIA,ATL,1037,Weather,
2015,02,24,JAN,ATL,1129,Weather,
2015,02,24,CHA,ATL,1020,Weather,
2015,02,24,FAY,ATL,1125,Weather,
2015,02,24,OMA,ATL,1310,Weather,
2015,02,24,AGS,ATL,1117,Weather,
2015,02,24,VLD,ATL,1136,Weather,
2015,02,24,ICT,ATL,1356,Weather,
2015,02,24,ROA,ATL,1216,Weather,
2015,02,24,CHA,ATL,1146,Weather,
2015,02,24,OAJ,ATL,1228,Weather,
2015,02,24,ILM,ATL,1230,Weather,
2015,02,24,MLU,ATL,1328,Weather,
2015,02,24,HSV,ATL,1259,Weather,
2015,02,24,BMI,ATL,1348,Weather,
2015,02,24,SBN,ATL,1316,Weather,
2015,02,24,SHV,ATL,1357,Weather,
2015,02,24,LFT,ATL,1400,Weather,
2015,02,24,ORD,ATL,1431,Weather,
2015,02,24,CRW,ATL,1259,Weather,
2015,02,24,MOB,ATL,1359,Weather,
2015,02,24,GSP,ATL,1300,Weather,
2015,02,24,FAY,ATL,1339,Weather,
2015,02,24,HPN,ATL,1456,Weather,
2015,02,24,RDU,ATL,1514,Weather,
2015,02,24,OAJ,ATL,1528,Weather,
2015,02,24,MYR,ATL,1535,Weather,
2015,02,24,MLU,ATL,1638,Weather,
2015,02,24,FAY,ATL,1601,Weather,
2015,02,24,RDU,ATL,1618,Weather,
2015,02,24,PHF,ATL,1706,Weather,
2015,02,24,ILM,ATL,1819,Weather,
2015,02,24,RDU,ATL,1900,Weather,
2015,02,24,MLU,ATL,1948,Weather,
2015,02,24,OAJ,ATL,1932,Weather,
2015,02,24,RDU,ATL,2011,Weather,
2015,02,25,ILM,ATL,0735,Weather,
2015,02,25,OAJ,ATL,0730,Weather,
2015,02,25,SNA,ATL,1403,Weather,
2015,02,25,GTR,ATL,0852,Weather,
2015,02,25,DFW,ATL,1000,Weather,
2015,02,25,DAL,ATL,1005,Weather,
2015,02,25,SNA,ATL,1527,Weather,
2015,02,25,LAX,ATL,1626,Weather,
2015,02,25,IAD,ATL,1129,Weather,
2015,02,25,BOS,ATL,1247,Weather,
2015,02,25,LAS,ATL,1640,Weather,
2015,02,25,DTW,ATL,1213,Weather,
2015,02,25,DAL,ATL,1314,Weather,
2015,02,25,BHM,ATL,1212,Weather,
2015,02,25,GTR,ATL,1245,Weather,
2015,02,25,MLU,ATL,1328,Weather,
2015,02,25,SLC,ATL,1644,Weather,
2015,02,25,MKE,ATL,1425,Weather,
2015,02,25,SHV,ATL,1357,Weather,
2015,02,25,DAL,ATL,1425,Weather,
2015,02,25,PHX,ATL,1704,Weather,
2015,02,25,LGA,ATL,1440,Weather,
2015,02,25,DCA,ATL,1415,Weather,
2015,02,25,PBI,ATL,1420,Weather,
2015,02,25,MCO,ATL,1410,Weather,
2015,02,25,BWI,ATL,1436,Weather,
2015,02,25,MSY,ATL,1500,Weather,
2015,02,25,DAL,ATL,1554,Weather,
2015,02,25,BWI,ATL,1500,Weather,
2015,02,25,MSP,ATL,1639,Weather,
2015,02,25,DFW,ATL,1619,Weather,
2015,02,25,DEN,ATL,1805,Weather,
2015,02,25,RIC,ATL,1500,Weather,
2015,02,25,HOU,ATL,1615,Weather,
2015,02,25,ABQ,ATL,1820,Weather,
2015,02,25,GRR,ATL,1544,Weather,
2015,02,25,PHX,ATL,1855,Weather,
2015,02,25,BOS,ATL,1638,Weather,
2015,02,25,MCO,ATL,1507,Weather,
2015,02,25,DCA,ATL,1535,Weather,
2015,02,25,SAT,ATL,1645,Weather,
2015,02,25,MKE,ATL,1655,Weather,
2015,02,25,PBI,ATL,1541,Weather,
2015,02,25,FLL,ATL,1549,Weather,
2015,02,25,SAN,ATL,2059,Weather,
2015,02,25,LGA,ATL,1650,Weather,
2015,02,25,SLC,ATL,1934,Weather,
2015,02,25,PHL,ATL,1620,Weather,
2015,02,25,MIA,ATL,1603,Weather,
2015,02,25,MDW,ATL,1708,Weather,
2015,02,25,FLL,ATL,1610,Weather,
2015,02,25,LAS,ATL,2103,Weather,
2015,02,25,MSY,ATL,1640,Weather,
2015,02,25,LAS,ATL,2100,Weather,
2015,02,25,HSV,ATL,1620,Weather,
2015,02,25,AUS,ATL,1725,Weather,
2015,02,25,SEA,ATL,2201,Weather,
2015,02,25,MCO,ATL,1602,Weather,
2015,02,25,SFO,ATL,2206,Weather,
2015,02,25,BHM,ATL,1634,Weather,
2015,02,25,TUS,ATL,2000,Weather,
2015,02,25,PNS,ATL,1650,Weather,
2015,02,25,ECP,ATL,1648,Weather,
2015,02,25,CAK,ATL,1629,Weather,
2015,02,25,BNA,ATL,1649,Weather,
2015,02,25,MSP,ATL,1810,Weather,
2015,02,25,ORF,ATL,1647,Weather,
2015,02,25,RDU,ATL,1618,Weather,
2015,02,25,DEN,ATL,1938,Weather,
2015,02,25,BOS,ATL,1750,Weather,
2015,02,25,LGA,ATL,1753,Weather,
2015,02,25,RSW,ATL,1650,Weather,
2015,02,25,DFW,ATL,1803,Weather,
2015,02,25,DEN,ATL,1950,Weather,
2015,02,25,MCO,ATL,1645,Weather,
2015,02,25,TRI,ATL,1619,Weather,
2015,02,25,MSY,ATL,1742,Weather,
2015,02,25,LAS,ATL,2200,Weather,
2015,02,25,SJU,ATL,1820,Weather,
2015,02,25,EYW,ATL,1719,Weather,
2015,02,25,BDL,ATL,1810,Weather,
2015,02,25,GSP,ATL,1628,Weather,
2015,02,25,MCO,ATL,1703,Weather,
2015,02,25,BOS,ATL,1835,Weather,
2015,02,25,LGA,ATL,1815,Weather,
2015,02,25,CLE,ATL,1725,Weather,
2015,02,25,ORD,ATL,1833,Weather,
2015,02,25,EWR,ATL,1812,Weather,
2015,02,25,CHS,ATL,1655,Weather,
2015,02,25,STL,ATL,1810,Weather,
2015,02,25,JFK,ATL,1827,Weather,
2015,02,25,PHL,ATL,1809,Weather,
2015,02,25,OKC,ATL,1844,Weather,
2015,02,25,LIT,ATL,1820,Weather,
2015,02,25,DAL,ATL,1845,Weather,
2015,02,25,FLL,ATL,1747,Weather,
2015,02,25,CLT,ATL,1703,Weather,
2015,02,25,TPA,ATL,1720,Weather,
2015,02,25,PHL,ATL,1810,Weather,
2015,02,25,JAN,ATL,1820,Weather,
2015,02,25,RDU,ATL,1734,Weather,
2015,02,25,DFW,ATL,1905,Weather,
2015,02,25,DTW,ATL,1805,Weather,
2015,02,25,BHM,ATL,1816,Weather,
2015,02,25,GTR,ATL,1813,Weather,
2015,02,25,MEM,ATL,1835,Weather,
2015,02,25,BUF,ATL,1839,Weather,
2015,02,25,FLL,ATL,1812,Weather,
2015,02,25,MSP,ATL,1944,Weather,
2015,02,25,BOS,ATL,1923,Weather,
2015,02,25,PHX,ATL,2141,Weather,
2015,02,25,ORF,ATL,1818,Weather,
2015,02,25,PIT,ATL,1817,Weather,
2015,02,25,PHL,ATL,1842,Weather,
2015,02,25,MCI,ATL,1921,Weather,
2015,02,25,RIC,ATL,1820,Weather,
2015,02,25,CLE,ATL,1825,Weather,
2015,02,25,BWI,ATL,1838,Weather,
2015,02,25,CAK,ATL,1820,Weather,
2015,02,25,SAT,ATL,1950,Weather,
2015,02,25,RDU,ATL,1810,Weather,
2015,02,25,BDL,ATL,1939,Weather,
2015,02,25,MKE,ATL,2000,Weather,
2015,02,25,FLL,ATL,1850,Weather,
2015,02,25,ORD,ATL,1953,Weather,
2015,02,25,PHL,ATL,1911,Weather,
2015,02,25,AUS,ATL,1950,Weather,
2015,02,25,LEX,ATL,1820,Weather,
2015,02,25,PHX,ATL,2215,Weather,
2015,02,25,GSO,ATL,1820,Weather,
2015,02,25,SDF,ATL,1820,Weather,
2015,02,25,SLC,ATL,2215,Weather,
2015,02,25,EWR,ATL,1932,Weather,
2015,02,25,DCA,ATL,1900,Weather,
2015,02,25,LAX,ATL,2359,Weather,
2015,02,25,HOU,ATL,1955,Weather,
2015,02,25,SAV,ATL,1815,Weather,
2015,02,25,DSM,ATL,2000,Weather,
2015,02,25,STL,ATL,1940,Weather,
2015,02,25,CLT,ATL,1831,Weather,
2015,02,25,JAX,ATL,1825,Weather,
2015,02,25,DCA,ATL,1904,Weather,
2015,02,25,HOU,ATL,1955,Weather,
2015,02,25,CHA,ATL,1819,Weather,
2015,02,25,IND,ATL,1900,Weather,
2015,02,25,CHS,ATL,1842,Weather,
2015,02,25,MSY,ATL,1949,Weather,
2015,02,25,GPT,ATL,1944,Weather,
2015,02,25,SHV,ATL,2000,Weather,
2015,02,25,MLU,ATL,1948,Weather,
2015,02,25,LIT,ATL,1955,Weather,
2015,02,25,SRQ,ATL,1905,Weather,
2015,02,25,VPS,ATL,1943,Weather,
2015,02,25,DEN,ATL,2215,Weather,
2015,02,25,MEM,ATL,2000,Weather,
2015,02,25,MCO,ATL,1913,Weather,
2015,02,25,BNA,ATL,1947,Weather,
2015,02,25,DFW,ATL,2036,Weather,
2015,02,25,GRR,ATL,1955,Weather,
2015,02,25,DAB,ATL,1905,Weather,
2015,02,25,DTW,ATL,1948,Weather,
2015,02,25,MDT,ATL,1954,Weather,
2015,02,25,CAK,ATL,1939,Weather,
2015,02,25,ROC,ATL,2010,Weather,
2015,02,25,IAD,ATL,1949,Weather,
2015,02,25,OMA,ATL,2057,Weather,
2015,02,25,TPA,ATL,1926,Weather,
2015,02,25,FLL,ATL,1949,Weather,
2015,02,25,BWI,ATL,1954,Weather,
2015,02,25,PBI,ATL,1943,Weather,
2015,02,25,EYW,ATL,1950,Weather,
2015,02,25,CAE,ATL,1905,Weather,
2015,02,25,DAY,ATL,1944,Weather,
2015,02,25,TLH,ATL,1915,Weather,
2015,02,25,PIT,ATL,1954,Weather,
2015,02,25,FNT,ATL,2023,Weather,
2015,02,25,DCA,ATL,2007,Weather,
2015,02,25,MDW,ATL,2104,Weather,
2015,02,25,CLT,ATL,1915,Weather,
2015,02,25,RSW,ATL,1950,Weather,
2015,02,25,PBI,ATL,1950,Weather,
2015,02,25,DAL,ATL,2104,Weather,
2015,02,25,EWR,ATL,2055,Weather,
2015,02,25,SAV,ATL,1925,Weather,
2015,02,25,MCI,ATL,2105,Weather,
2015,02,25,OKC,ATL,2105,Weather,
2015,02,25,HOU,ATL,2104,Weather,
2015,02,25,CLT,ATL,1941,Weather,
2015,02,25,RSW,ATL,2005,Weather,
2015,02,25,ORD,ATL,2110,Weather,
2015,02,25,BDL,ATL,2104,Weather,
2015,02,25,PHL,ATL,2049,Weather,
2015,02,25,TPA,ATL,1955,Weather,
2015,02,25,CVG,ATL,2006,Weather,
2015,02,25,SDF,ATL,2000,Weather,
2015,02,25,MSY,ATL,2049,Weather,
2015,02,25,TRI,ATL,1935,Weather,
2015,02,25,BHM,ATL,2036,Weather,
2015,02,25,STL,ATL,2105,Weather,
2015,02,25,AUS,ATL,2132,Weather,
2015,02,25,JAN,ATL,2058,Weather,
2015,02,25,MDW,ATL,2125,Weather,
2015,02,25,RDU,ATL,2011,Weather,
2015,02,25,JAX,ATL,2000,Weather,
2015,02,25,MKE,ATL,2146,Weather,
2015,02,25,PNS,ATL,2055,Weather,
2015,02,25,CLE,ATL,2046,Weather,
2015,02,25,BOS,ATL,2200,Weather,
2015,02,25,TPA,ATL,2028,Weather,
2015,02,25,BUF,ATL,2117,Weather,
2015,02,25,JAX,ATL,2000,Weather,
2015,02,25,IND,ATL,2043,Weather,
2015,02,25,FAY,ATL,2028,Weather,
2015,02,25,PBI,ATL,2054,Weather,
2015,02,25,IAD,ATL,2103,Weather,
2015,02,25,MIA,ATL,2103,Weather,
2015,02,25,DCA,ATL,2105,Weather,
2015,02,25,BWI,ATL,2114,Weather,
2015,02,25,PIT,ATL,2110,Weather,
2015,02,25,CMH,ATL,2059,Weather,
2015,02,25,IAH,ATL,2210,Weather,
2015,02,25,RIC,ATL,2105,Weather,
2015,02,25,ORD,ATL,2215,Weather,
2015,02,25,PHL,ATL,2143,Weather,
2015,02,25,SRQ,ATL,2105,Weather,
2015,02,25,MSY,ATL,2149,Weather,
2015,02,25,MSP,ATL,2302,Weather,
2015,02,25,CLT,ATL,2055,Weather,
2015,02,25,JAX,ATL,2059,Weather,
2015,02,25,DFW,ATL,2243,Weather,
2015,02,25,RDU,ATL,2127,Weather,
2015,02,25,MIA,ATL,2202,Weather,
2015,02,25,LGA,ATL,2253,Weather,
2015,02,25,DCA,ATL,2205,Weather,
2015,02,25,EWR,ATL,2228,Weather,
2015,02,25,CLT,ATL,2133,Weather,
2015,02,25,PHL,ATL,2241,Weather,
2015,02,25,MCO,ATL,2159,Weather,
2015,02,25,LGA,ATL,2337,Weather,
2015,02,25,IAD,ATL,2350,Weather,
2015,02,25,CLT,ATL,2332,Weather,
2015,02,25,SJC,ATL,0619,Weather,
2015,02,25,SFO,ATL,0657,Weather,
2015,02,26,ORF,ATL,0725,Weather,
2015,02,26,CHS,ATL,0643,Weather,
2015,02,26,ATW,ATL,0901,Weather,
2015,02,26,CVG,ATL,0734,Weather,
2015,02,26,RSW,ATL,0730,Weather,
2015,02,26,VLD,ATL,0641,Weather,
2015,02,26,PHF,ATL,0757,Weather,
2015,02,26,ELP,ATL,1054,Weather,
2015,02,26,PNS,ATL,0808,Weather,
2015,02,26,LFT,ATL,0837,Weather,
2015,02,26,FAY,ATL,0730,Weather,
2015,02,26,LIT,ATL,0835,Weather,
2015,02,26,MSN,ATL,0910,Weather,
2015,02,26,JAN,ATL,0823,Weather,
2015,02,26,ALB,ATL,0905,Weather,
2015,02,26,CHA,ATL,0650,Weather,
2015,02,26,ICT,ATL,0914,Weather,
2015,02,26,MDW,ATL,0900,Weather,
2015,02,26,ILM,ATL,0735,Weather,
2015,02,26,SGF,ATL,0905,Weather,
2015,02,26,MIA,ATL,0801,Weather,
2015,02,26,JFK,ATL,0856,Weather,
2015,02,26,SAT,ATL,0922,Weather,
2015,02,26,SAV,ATL,0739,Weather,
2015,02,26,ABE,ATL,0856,Weather,
2015,02,26,CHS,ATL,0740,Weather,
2015,02,26,RDU,ATL,0805,Weather,
2015,02,26,CHO,ATL,0825,Weather,
2015,02,26,CLE,ATL,0846,Weather,
2015,02,26,BHM,ATL,0854,Weather,
2015,02,26,PVD,ATL,0950,Weather,
2015,02,26,TLH,ATL,0810,Weather,
2015,02,26,HSV,ATL,0905,Weather,
2015,02,26,DFW,ATL,1004,Weather,
2015,02,26,MYR,ATL,0828,Weather,
2015,02,26,CMH,ATL,0844,Weather,
2015,02,26,LGA,ATL,0936,Weather,
2015,02,26,CHA,ATL,0804,Weather,
2015,02,26,MEM,ATL,0941,Weather,
2015,02,26,TUS,ATL,1239,Weather,
2015,02,26,ECP,ATL,0927,Weather,
2015,02,26,VPS,ATL,0939,Weather,
2015,02,26,ILM,ATL,0904,Weather,
2015,02,26,SHV,ATL,1009,Weather,
2015,02,26,GNV,ATL,0901,Weather,
2015,02,26,FWA,ATL,0939,Weather,
2015,02,26,CLT,ATL,0910,Weather,
2015,02,26,BNA,ATL,1014,Weather,
2015,02,26,DCA,ATL,1005,Weather,
2015,02,26,CAK,ATL,1012,Weather,
2015,02,26,ORF,ATL,1005,Weather,
2015,02,26,IAH,ATL,1105,Weather,
2015,02,26,GSP,ATL,0919,Weather,
2015,02,26,TPA,ATL,1010,Weather,
2015,02,26,TYS,ATL,0940,Weather,
2015,02,26,PHL,ATL,1112,Weather,
2015,02,26,BWI,ATL,1050,Weather,
2015,02,26,CLT,ATL,1047,Weather,
2015,02,26,RDU,ATL,1114,Weather,
2015,02,26,PHF,ATL,1302,Weather,
2015,02,26,CLT,ATL,1251,Weather,
2015,02,26,CLT,ATL,1437,Weather,
2015,02,26,RDU,ATL,1500,Weather,
2015,02,26,PHF,ATL,1706,Weather,
2015,02,26,PHF,ATL,1910,Weather,
2015,02,27,LGA,ATL,0936,Weather,
2015,02,27,PHF,ATL,1302,Weather,
2015,02,27,DFW,ATL,1932,Weather,
2015,02,27,DFW,ATL,2114,Weather,
2015,02,27,DFW,ATL,2244,Weather,
2015,02,28,GRK,ATL,0932,Weather,
2015,02,28,LGA,ATL,0936,Weather,
2015,02,28,DFW,ATL,1033,Weather,
2015,02,28,DFW,ATL,1127,Weather,
2015,02,28,DFW,ATL,1300,Weather,
2015,02,28,DFW,ATL,1600,Weather,
2015,02,28,DFW,ATL,1642,Weather,
2015,02,28,DAL,ATL,1643,Weather,
2015,02,28,DFW,ATL,1805,Weather,
2015,02,28,DFW,ATL,2114,Weather,
2015,02,28,DFW,ATL,2244,Weather,
2015,03,01,OKC,ATL,0950,Weather,
2015,03,01,DFW,ATL,1000,Weather,
2015,03,01,MIA,ATL,0908,Weather,
2015,03,01,DFW,ATL,1300,Weather,
2015,03,01,PHL,ATL,1305,Weather,
2015,03,01,DFW,ATL,1426,Weather,
2015,03,01,IND,ATL,1305,Weather,
2015,03,01,LGA,ATL,1650,Weather,
2015,03,01,BOS,ATL,1835,Weather,
2015,03,01,PHL,ATL,1810,Weather,
2015,03,01,LGA,ATL,1855,Weather,
2015,03,01,PHL,ATL,1842,Weather,
2015,03,01,PHL,ATL,1911,Weather,
2015,03,01,EWR,ATL,1932,Weather,
2015,03,01,DCA,ATL,1900,Weather,
2015,03,01,LGA,ATL,1958,Weather,
2015,03,01,PHL,ATL,2052,Weather,
2015,03,01,PHL,ATL,2049,Weather,
2015,03,01,LGA,ATL,2120,Weather,
2015,03,01,BWI,ATL,2105,Weather,
2015,03,01,LGA,ATL,2147,Weather,
2015,03,01,JFK,ATL,2235,Weather,
2015,03,01,LGA,ATL,2253,Weather,
2015,03,01,BWI,ATL,2210,Weather,
2015,03,01,DCA,ATL,2305,Weather,
2015,03,02,BDL,ATL,0840,Weather,
2015,03,02,BOS,ATL,0900,Weather,
2015,03,02,DCA,ATL,0810,Weather,
2015,03,02,PHL,ATL,0835,Weather,
2015,03,02,LGA,ATL,0915,Weather,
2015,03,02,EWR,ATL,0919,Weather,
2015,03,02,BWI,ATL,0835,Weather,
2015,03,02,LGA,ATL,0936,Weather,
2015,03,02,HPN,ATL,0947,Weather,
2015,03,02,GPT,ATL,1232,Weather,
2015,03,02,GPT,ATL,1534,Weather,
2015,03,02,GPT,ATL,1717,Weather,
2015,03,02,VPS,ATL,1820,Weather,
2015,03,02,GPT,ATL,2054,Weather,
2015,03,03,PNS,ATL,0808,Weather,
2015,03,03,BTR,ATL,0857,Weather,
2015,03,03,PNS,ATL,0929,Weather,
2015,03,03,BTR,ATL,0957,Weather,
2015,03,03,MDW,ATL,1100,Weather,
2015,03,03,DCA,ATL,1805,Weather,
2015,03,03,PHL,ATL,1842,Weather,
2015,03,03,DCA,ATL,2000,Weather,
2015,03,03,PHL,ATL,2049,Weather,
2015,03,03,LGA,ATL,2147,Weather,
2015,03,04,CID,ATL,0905,Weather,
2015,03,04,EWN,ATL,0732,Weather,
2015,03,04,LGA,ATL,0915,Weather,
2015,03,04,AGS,ATL,0725,Weather,
2015,03,04,OKC,ATL,0950,Weather,
2015,03,04,LGA,ATL,0936,Weather,
2015,03,04,EWR,ATL,1103,Weather,
2015,03,04,LGA,ATL,1142,Weather,
2015,03,04,OKC,ATL,1304,Weather,
2015,03,04,ASE,ATL,1751,Weather,
2015,03,04,DFW,ATL,1713,Weather,
2015,03,04,DFW,ATL,1932,Weather,
2015,03,04,EVV,ATL,1955,Weather,
2015,03,04,DFW,ATL,2114,Weather,
2015,03,04,DFW,ATL,2244,Weather,
2015,03,05,VPS,ATL,0728,Weather,
2015,03,05,SHV,ATL,0808,Weather,
2015,03,05,LIT,ATL,0829,Weather,
2015,03,05,MEM,ATL,0815,Weather,
2015,03,05,SDF,ATL,0723,Weather,
2015,03,05,DCA,ATL,0810,Weather,
2015,03,05,PHF,ATL,0751,Weather,
2015,03,05,MLU,ATL,0827,Weather,
2015,03,05,PHL,ATL,0835,Weather,
2015,03,05,LEX,ATL,0735,Weather,
2015,03,05,PHL,ATL,0830,Weather,
2015,03,05,LGA,ATL,0915,Weather,
2015,03,05,EWR,ATL,0916,Weather,
2015,03,05,DAL,ATL,0930,Weather,
2015,03,05,GRK,ATL,0936,Weather,
2015,03,05,AUS,ATL,0950,Weather,
2015,03,05,OKC,ATL,0950,Weather,
2015,03,05,GTR,ATL,0857,Weather,
2015,03,05,DCA,ATL,0857,Weather,
2015,03,05,DFW,ATL,1000,Weather,
2015,03,05,LGA,ATL,0942,Weather,
2015,03,05,LEX,ATL,0900,Weather,
2015,03,05,IAD,ATL,0927,Weather,
2015,03,05,PHL,ATL,0950,Weather,
2015,03,05,EWR,ATL,0957,Weather,
2015,03,05,DFW,ATL,1033,Weather,
2015,03,05,SHV,ATL,1015,Weather,
2015,03,05,PHL,ATL,1019,Weather,
2015,03,05,LGA,ATL,1038,Weather,
2015,03,05,EWR,ATL,1032,Weather,
2015,03,05,HSV,ATL,1009,Weather,
2015,03,05,DFW,ATL,1127,Weather,
2015,03,05,PHL,ATL,1048,Weather,
2015,03,05,BWI,ATL,1055,Weather,
2015,03,05,JAN,ATL,1129,Weather,
2015,03,05,BNA,ATL,1119,Weather,
2015,03,05,HSV,ATL,1103,Weather,
2015,03,05,LGA,ATL,1215,Weather,
2015,03,05,DFW,ATL,1305,Weather,
2015,03,05,BTR,ATL,1234,Weather,
2015,03,05,SDF,ATL,1130,Weather,
2015,03,05,GTR,ATL,1221,Weather,
2015,03,05,HPN,ATL,1241,Weather,
2015,03,05,BNA,ATL,1254,Weather,
2015,03,05,AEX,ATL,1335,Weather,
2015,03,05,DCA,ATL,1253,Weather,
2015,03,05,MLU,ATL,1337,Weather,
2015,03,05,SHV,ATL,1408,Weather,
2015,03,05,CRW,ATL,1259,Weather,
2015,03,05,PHL,ATL,1357,Weather,
2015,03,05,JAN,ATL,1410,Weather,
2015,03,05,LGA,ATL,1440,Weather,
2015,03,05,LGA,ATL,1450,Weather,
2015,03,05,ABE,ATL,1410,Weather,
2015,03,05,DCA,ATL,1415,Weather,
2015,03,05,HPN,ATL,1452,Weather,
2015,03,05,BWI,ATL,1500,Weather,
2015,03,05,CAE,ATL,1409,Weather,
2015,03,05,LGA,ATL,1554,Weather,
2015,03,05,PHF,ATL,1535,Weather,
2015,03,05,ROA,ATL,1523,Weather,
2015,03,05,AEX,ATL,1645,Weather,
2015,03,05,DFW,ATL,1709,Weather,
2015,03,05,CRW,ATL,1533,Weather,
2015,03,05,LGA,ATL,1815,Weather,
2015,03,05,HPN,ATL,1751,Weather,
2015,03,05,EWR,ATL,1758,Weather,
2015,03,05,PHF,ATL,1739,Weather,
2015,03,05,PHL,ATL,1810,Weather,
2015,03,05,PHL,ATL,1842,Weather,
2015,03,05,RIC,ATL,1818,Weather,
2015,03,05,EWR,ATL,1918,Weather,
2015,03,05,ROA,ATL,1812,Weather,
2015,03,05,DCA,ATL,1859,Weather,
2015,03,05,HPN,ATL,1928,Weather,
2015,03,05,AEX,ATL,1955,Weather,
2015,03,05,CHO,ATL,1903,Weather,
2015,03,05,LGA,ATL,2047,Weather,
2015,03,05,LGA,ATL,2120,Weather,
2015,03,05,LGA,ATL,2145,Weather,
2015,03,05,BWI,ATL,2104,Weather,
2015,03,05,HPN,ATL,2122,Weather,
2015,03,05,BWI,ATL,2105,Weather,
2015,03,05,LGA,ATL,2147,Weather,
2015,03,05,PHL,ATL,2145,Weather,
2015,03,05,PHF,ATL,2104,Weather,
2015,03,05,ROA,ATL,2059,Weather,
2015,03,05,LGA,ATL,2243,Weather,
2015,03,05,BWI,ATL,2210,Weather,
2015,03,05,DCA,ATL,2305,Weather,
2015,03,06,AEX,ATL,0824,Weather,
2015,03,06,LGA,ATL,0833,Weather,
2015,03,06,CAK,ATL,0805,Weather,
2015,03,06,PHL,ATL,0835,Weather,
2015,03,06,PHL,ATL,0831,Weather,
2015,03,06,LGA,ATL,0915,Weather,
2015,03,06,DCA,ATL,0858,Weather,
2015,03,06,LGA,ATL,0942,Weather,
2015,03,06,LGA,ATL,0936,Weather,
2015,03,06,LGA,ATL,1038,Weather,
2015,03,06,LGA,ATL,1238,Weather,
2015,03,07,LGA,ATL,0936,Weather,
2015,03,10,MDW,ATL,1300,Weather,
2015,03,11,CAK,ATL,0745,Weather,
2015,03,11,AVP,ATL,0813,Weather,
2015,03,11,FWA,ATL,0941,Weather,
2015,03,11,LEX,ATL,1032,Weather,
2015,03,11,PNS,ATL,1120,Weather,
2015,03,11,MDW,ATL,1300,Weather,
2015,03,12,VPS,ATL,1645,Weather,
2015,03,15,HPN,ATL,0947,Weather,
2015,03,20,DCA,ATL,0800,Weather,
2015,03,20,LGA,ATL,1205,Weather,
2015,03,20,EWR,ATL,1623,Weather,
2015,03,20,BWI,ATL,1555,Weather,
2015,03,20,EWR,ATL,1758,Weather,
2015,03,20,ABE,ATL,1808,Weather,
2015,03,20,PHL,ATL,1940,Weather,
2015,03,20,LGA,ATL,2025,Weather,
2015,03,20,JFK,ATL,2031,Weather,
2015,03,20,LGA,ATL,2147,Weather,
2015,03,20,EWR,ATL,2351,Weather,
2015,03,21,HPN,ATL,0945,Weather,
2015,03,23,MDW,ATL,1445,Weather,
2015,03,23,ORD,ATL,1623,Weather,
2015,03,23,ORD,ATL,2015,Weather,
2015,03,23,MDW,ATL,0015,Weather,
2015,04,08,BMI,ATL,0853,Weather,
2015,04,09,ORD,ATL,1323,Weather,
2015,04,09,ORD,ATL,1354,Weather,
2015,04,09,ORD,ATL,1509,Weather,
2015,04,09,ORD,ATL,2039,Weather,
2015,04,09,MDW,ATL,2110,Weather,
2015,04,09,ORD,ATL,2359,Weather,
2015,04,10,VPS,ATL,1641,Weather,
2015,04,10,HSV,ATL,1744,Weather,
2015,04,10,MSN,ATL,1956,Weather,
2015,04,10,PHF,ATL,1846,Weather,
2015,04,10,TUL,ATL,2044,Weather,
2015,04,11,ILM,ATL,0730,Weather,
2015,04,11,CID,ATL,0858,Weather,
2015,04,11,CSG,ATL,0727,Weather,
2015,04,11,FWA,ATL,0949,Weather,
2015,04,11,AZO,ATL,1014,Weather,
2015,04,13,DFW,ATL,1346,Weather,
2015,04,16,IAH,ATL,2214,Weather,
2015,04,18,AVL,ATL,1124,Weather,
2015,04,20,LGA,ATL,1440,Weather,
2015,04,20,LGA,ATL,2203,Weather,
2015,04,20,BWI,ATL,2220,Weather,
2015,04,21,HPN,ATL,0817,Weather,
2015,04,21,LGA,ATL,0840,Weather,
2015,04,25,SHV,ATL,1010,Weather,
2015,04,27,MSY,ATL,1450,Weather,
2015,05,06,MDW,ATL,0945,Weather,
2015,05,06,MDW,ATL,1030,Weather,
2015,05,07,LNK,ATL,0939,Weather,
2015,05,09,DFW,ATL,1654,Weather,
2015,05,10,DFW,ATL,1346,Weather,
2015,05,10,DFW,ATL,1508,Weather,
2015,05,10,DFW,ATL,1836,Weather,
2015,05,10,DFW,ATL,2213,Weather,
2015,05,11,DFW,ATL,1030,Weather,
2015,05,11,ACY,ATL,1235,Weather,
2015,05,18,LGA,ATL,1210,Weather,
2015,05,18,BMI,ATL,1846,Weather,
2015,05,18,PHF,ATL,1910,Weather,
2015,05,18,CLT,ATL,2338,Weather,
2015,05,25,BTR,ATL,1958,Weather,
2015,05,25,XNA,ATL,2057,Weather,
2015,05,25,ILM,ATL,1954,Weather,
2015,05,25,TYS,ATL,1953,Weather,
2015,05,25,DFW,ATL,2213,Weather,
2015,05,25,IAH,ATL,2231,Weather,
2015,05,25,HOU,ATL,2245,Weather,
2015,05,25,LAS,ATL,0637,Weather,
2015,05,26,GSP,ATL,0754,Weather,
2015,05,26,DCA,ATL,1555,Weather,
2015,05,26,HSV,ATL,1612,Weather,
2015,05,26,BHM,ATL,1815,Weather,
2015,05,26,MGM,ATL,1909,Weather,
2015,05,26,VPS,ATL,1947,Weather,
2015,05,26,BNA,ATL,1936,Weather,
2015,05,26,SBN,ATL,1934,Weather,
2015,05,26,FNT,ATL,2000,Weather,
2015,05,26,FWA,ATL,1943,Weather,
2015,05,26,TUL,ATL,2044,Weather,
2015,05,26,FAY,ATL,1921,Weather,
2015,05,26,MDW,ATL,2104,Weather,
2015,05,26,MOB,ATL,2021,Weather,
2015,05,26,HSV,ATL,2019,Weather,
2015,05,26,XNA,ATL,2057,Weather,
2015,05,26,SDF,ATL,1953,Weather,
2015,05,26,SAV,ATL,1942,Weather,
2015,05,26,AUS,ATL,2129,Weather,
2015,05,26,GSO,ATL,1957,Weather,
2015,05,26,STL,ATL,2104,Weather,
2015,05,26,MSY,ATL,2104,Weather,
2015,05,26,JAN,ATL,2057,Weather,
2015,05,26,GSP,ATL,1927,Weather,
2015,05,26,CHS,ATL,1957,Weather,
2015,05,26,MEM,ATL,2104,Weather,
2015,05,26,CLE,ATL,2037,Weather,
2015,05,26,TPA,ATL,2028,Weather,
2015,05,26,AGS,ATL,1944,Weather,
2015,05,26,TYS,ATL,1953,Weather,
2015,05,26,CMH,ATL,2044,Weather,
2015,05,26,PBI,ATL,2059,Weather,
2015,05,26,RSW,ATL,2104,Weather,
2015,05,26,IAD,ATL,2105,Weather,
2015,05,26,ORD,ATL,2216,Weather,
2015,05,26,MSY,ATL,2141,Weather,
2015,05,26,IAH,ATL,2215,Weather,
2015,05,26,MGM,ATL,2105,Weather,
2015,05,26,PIT,ATL,2104,Weather,
2015,05,26,RIC,ATL,2105,Weather,
2015,05,26,MCO,ATL,2059,Weather,
2015,05,26,IND,ATL,2103,Weather,
2015,05,26,EWR,ATL,2203,Weather,
2015,05,26,PHL,ATL,2159,Weather,
2015,05,26,GNV,ATL,2045,Weather,
2015,05,26,SDF,ATL,2105,Weather,
2015,05,26,MOB,ATL,2154,Weather,
2015,05,26,RDU,ATL,2118,Weather,
2015,05,26,CLT,ATL,2105,Weather,
2015,05,26,DFW,ATL,2251,Weather,
2015,05,26,JAX,ATL,2105,Weather,
2015,05,26,FLL,ATL,2145,Weather,
2015,05,26,TLH,ATL,2118,Weather,
2015,05,26,ORF,ATL,2151,Weather,
2015,05,26,LGA,ATL,2238,Weather,
2015,05,26,BWI,ATL,2209,Weather,
2015,05,26,MIA,ATL,2214,Weather,
2015,05,26,DFW,ATL,2337,Weather,
2015,05,26,MCO,ATL,2213,Weather,
2015,05,26,LGA,ATL,2326,Weather,
2015,05,26,DAL,ATL,0030,Weather,
2015,05,26,LAS,ATL,0637,Weather,
2015,05,27,DCA,ATL,0746,Weather,
2015,05,27,HPN,ATL,0818,Weather,
2015,05,27,CLE,ATL,0750,Weather,
2015,05,27,CRW,ATL,0814,Weather,
2015,05,27,MDW,ATL,0954,Weather,
2015,05,27,MEM,ATL,0919,Weather,
2015,05,27,CHS,ATL,0843,Weather,
2015,05,27,MSY,ATL,1450,Weather,
2015,05,27,BWI,ATL,2035,Weather,
2015,05,27,DTW,ATL,2043,Weather,
2015,05,30,ORD,ATL,1748,Weather,
2015,05,31,IAH,ATL,2223,Weather,
2015,06,01,DCA,ATL,1800,Weather,
2015,06,01,CMH,ATL,1940,Weather,
2015,06,01,BWI,ATL,2035,Weather,
2015,06,01,DCA,ATL,2125,Weather,
2015,06,01,BWI,ATL,2220,Weather,
2015,06,01,DCA,ATL,2245,Weather,
2015,06,01,MCO,ATL,2340,Weather,
2015,06,07,ORD,ATL,1639,Weather,
2015,06,08,RST,ATL,1806,Weather,
2015,06,08,MDW,ATL,2300,Weather,
2015,06,08,BWI,ATL,2345,Weather,
2015,06,09,DAL,ATL,1908,Weather,
2015,06,09,GTR,ATL,1814,Weather,
2015,06,09,RIC,ATL,1820,Weather,
2015,06,09,MOB,ATL,1959,Weather,
2015,06,09,DHN,ATL,1959,Weather,
2015,06,09,CAE,ATL,1927,Weather,
2015,06,09,MSY,ATL,2050,Weather,
2015,06,09,SAV,ATL,1944,Weather,
2015,06,09,CHS,ATL,1954,Weather,
2015,06,09,AUS,ATL,2152,Weather,
2015,06,09,BHM,ATL,2054,Weather,
2015,06,09,AGS,ATL,1959,Weather,
2015,06,09,BWI,ATL,2119,Weather,
2015,06,09,MSY,ATL,2139,Weather,
2015,06,09,AVL,ATL,2049,Weather,
2015,06,09,TPA,ATL,2124,Weather,
2015,06,09,CMH,ATL,2139,Weather,
2015,06,09,TLH,ATL,2109,Weather,
2015,06,09,MOB,ATL,2213,Weather,
2015,06,09,DCA,ATL,2156,Weather,
2015,06,09,LEX,ATL,2125,Weather,
2015,06,09,MIA,ATL,2228,Weather,
2015,06,09,ORF,ATL,2213,Weather,
2015,06,09,DCA,ATL,2250,Weather,
2015,06,09,LGA,ATL,2326,Weather,
2015,06,09,SMF,ATL,0650,Weather,
2015,06,10,ORF,ATL,0709,Weather,
2015,06,10,ABY,ATL,0650,Weather,
2015,06,10,CHA,ATL,0641,Weather,
2015,06,10,BQK,ATL,0722,Weather,
2015,06,10,TLH,ATL,0808,Weather,
2015,06,10,LIT,ATL,0944,Weather,
2015,06,10,BTR,ATL,1002,Weather,
2015,06,10,CHS,ATL,0857,Weather,
2015,06,10,CAK,ATL,0948,Weather,
2015,06,10,BNA,ATL,1012,Weather,
2015,06,10,BWI,ATL,0950,Weather,
2015,06,10,DCA,ATL,0948,Weather,
2015,06,10,PIT,ATL,0950,Weather,
2015,06,10,SAV,ATL,0943,Weather,
2015,06,10,CAE,ATL,0937,Weather,
2015,06,10,MDW,ATL,2300,Weather,
2015,06,11,MDW,ATL,2300,Weather,
2015,06,11,MDW,ATL,0045,Weather,
2015,06,12,HPN,ATL,0810,Weather,
2015,06,12,BTR,ATL,1002,Weather,
2015,06,12,TPA,ATL,0925,Weather,
2015,06,13,TVC,ATL,1127,Weather,
2015,06,15,DFW,ATL,0939,Weather,
2015,06,15,HPN,ATL,1240,Weather,
2015,06,15,HPN,ATL,1446,Weather,
2015,06,15,ORD,ATL,1639,Weather,
2015,06,15,ORD,ATL,1740,Weather,
2015,06,15,HPN,ATL,1731,Weather,
2015,06,15,LGA,ATL,1845,Weather,
2015,06,15,HPN,ATL,1948,Weather,
2015,06,15,ORD,ATL,2045,Weather,
2015,06,15,IAH,ATL,2049,Weather,
2015,06,15,HPN,ATL,2118,Weather,
2015,06,15,MDW,ATL,2300,Weather,
2015,06,15,DCA,ATL,2250,Weather,
2015,06,15,EWR,ATL,2348,Weather,
2015,06,16,HPN,ATL,0810,Weather,
2015,06,16,HPN,ATL,0932,Weather,
2015,06,16,FLL,ATL,0922,Weather,
2015,06,16,HPN,ATL,1240,Weather,
2015,06,16,HOU,ATL,1855,Weather,
2015,06,16,EWR,ATL,1922,Weather,
2015,06,16,ORD,ATL,2045,Weather,
2015,06,16,HOU,ATL,2305,Weather,
2015,06,17,HOU,ATL,0900,Weather,
2015,06,17,CLE,ATL,0750,Weather,
2015,06,18,FLL,ATL,0922,Weather,
2015,06,18,BQK,ATL,1743,Weather,
2015,06,18,DHN,ATL,1959,Weather,
2015,06,18,MGM,ATL,2032,Weather,
2015,06,18,CAE,ATL,2105,Weather,
2015,06,18,GNV,ATL,2116,Weather,
2015,06,18,LEX,ATL,2155,Weather,
2015,06,20,BWI,ATL,2155,Weather,
2015,06,21,MKE,ATL,0855,Weather,
2015,06,21,PBI,ATL,0745,Weather,
2015,06,21,RIC,ATL,0750,Weather,
2015,06,21,MDW,ATL,1010,Weather,
2015,06,21,TPA,ATL,0930,Weather,
2015,06,22,ORD,ATL,1259,Weather,
2015,06,22,ORD,ATL,2045,Weather,
2015,06,23,EWR,ATL,1922,Weather,
2015,06,23,BWI,ATL,2025,Weather,
2015,06,23,EWR,ATL,0004,Weather,
2015,06,24,AEX,ATL,1641,Weather,
2015,06,24,DFW,ATL,1907,Weather,
2015,06,24,LGA,ATL,1845,Weather,
2015,06,24,BHM,ATL,1824,Weather,
2015,06,24,CVG,ATL,1753,Weather,
2015,06,24,PIT,ATL,1823,Weather,
2015,06,24,GSO,ATL,1830,Weather,
2015,06,24,ORD,ATL,2045,Weather,
2015,06,24,TPA,ATL,1923,Weather,
2015,06,24,ORF,ATL,1958,Weather,
2015,06,24,HSV,ATL,2032,Weather,
2015,06,24,GSO,ATL,2002,Weather,
2015,06,24,MCO,ATL,2020,Weather,
2015,06,24,CVG,ATL,2017,Weather,
2015,06,24,JAN,ATL,2115,Weather,
2015,06,24,BHM,ATL,2054,Weather,
2015,06,24,PNS,ATL,2120,Weather,
2015,06,24,IAH,ATL,2214,Weather,
2015,06,24,MIA,ATL,2115,Weather,
2015,06,24,MSY,ATL,2139,Weather,
2015,06,24,ORD,ATL,2215,Weather,
2015,06,24,RIC,ATL,2106,Weather,
2015,06,24,TPA,ATL,2048,Weather,
2015,06,24,LGA,ATL,2213,Weather,
2015,06,24,TPA,ATL,2124,Weather,
2015,06,24,SAV,ATL,2105,Weather,
2015,06,24,ROA,ATL,2116,Weather,
2015,06,24,DFW,ATL,2302,Weather,
2015,06,24,JAX,ATL,2119,Weather,
2015,06,24,DCA,ATL,2156,Weather,
2015,06,24,ORF,ATL,2213,Weather,
2015,06,24,MCO,ATL,2207,Weather,
2015,06,24,LAS,ATL,0623,Weather,
2015,06,25,DHN,ATL,0727,Weather,
2015,06,25,AVP,ATL,0800,Weather,
2015,06,25,LNK,ATL,0915,Weather,
2015,06,25,ABY,ATL,0650,Weather,
2015,06,25,GRB,ATL,0904,Weather,
2015,06,25,OAJ,ATL,0724,Weather,
2015,06,25,BMI,ATL,0841,Weather,
2015,06,25,FSD,ATL,0937,Weather,
2015,06,25,BTV,ATL,0905,Weather,
2015,06,25,PHF,ATL,0807,Weather,
2015,06,25,GRK,ATL,0940,Weather,
2015,06,25,CHS,ATL,0735,Weather,
2015,06,25,EYW,ATL,0856,Weather,
2015,06,25,LGA,ATL,0925,Weather,
2015,06,25,RDU,ATL,0849,Weather,
2015,06,25,DAB,ATL,0856,Weather,
2015,06,25,SAT,ATL,1103,Weather,
2015,06,25,SNA,ATL,1535,Weather,
2015,06,25,GSP,ATL,0937,Weather,
2015,06,25,MCO,ATL,2130,Weather,
2015,06,25,MCO,ATL,2240,Weather,
2015,06,25,BWI,ATL,2345,Weather,
2015,06,26,BWI,ATL,0805,Weather,
2015,06,27,BWI,ATL,2155,Weather,
2015,06,28,CLT,ATL,2341,Weather,
2015,07,01,IAH,ATL,1552,Weather,
2015,07,03,CLT,ATL,0914,Weather,
2015,07,06,DCA,ATL,2125,Weather,
2015,07,07,FWA,ATL,1308,Weather,
2015,07,07,CHO,ATL,1400,Weather,
2015,07,07,CHO,ATL,1834,Weather,
2015,07,13,ORD,ATL,1635,Weather,
2015,07,13,ORD,ATL,1642,Weather,
2015,07,14,FWA,ATL,0817,Weather,
2015,07,14,CHO,ATL,1834,Weather,
2015,07,14,BWI,ATL,2345,Weather,
2015,07,15,HPN,ATL,0810,Weather,
2015,07,15,AVP,ATL,0800,Weather,
2015,07,30,LGA,ATL,1857,Weather,
2015,08,01,MLU,ATL,0830,Weather,
2015,08,03,ORD,ATL,1111,Weather,
2015,08,06,LEX,ATL,1807,Weather,
2015,08,06,CSG,ATL,1819,Weather,
2015,08,06,MYR,ATL,1911,Weather,
2015,08,06,LGA,ATL,2232,Weather,
2015,08,10,CLT,ATL,1710,Weather,
2015,08,10,EVV,ATL,2005,Weather,
2015,08,10,LEX,ATL,1949,Weather,
2015,08,10,MIA,ATL,2029,Weather,
2015,08,10,AVL,ATL,2114,Weather,
2015,08,11,ROA,ATL,0842,Weather,
2015,08,11,HOU,ATL,2300,Weather,
2015,08,15,TYS,ATL,1737,Weather,
2015,08,17,CSG,ATL,1819,Weather,
2015,08,17,LGA,ATL,2232,Weather,
2015,08,18,LNK,ATL,0914,Weather,
2015,08,18,AEX,ATL,0853,Weather,
2015,08,18,TRI,ATL,0718,Weather,
2015,08,18,FAY,ATL,1956,Weather,
2015,08,18,GSP,ATL,1938,Weather,
2015,08,18,ROA,ATL,2115,Weather,
2015,08,18,ORD,ATL,2359,Weather,
2015,08,19,CLT,ATL,1858,Weather,
2015,08,19,CLT,ATL,2140,Weather,
2015,08,20,PHX,ATL,1555,Weather,
2015,08,20,EWR,ATL,1639,Weather,
2015,09,03,EVV,ATL,1945,Weather,
2015,09,03,DHN,ATL,1953,Weather,
2015,09,03,ILM,ATL,1925,Weather,
2015,09,03,PHF,ATL,1945,Weather,
2015,09,03,AGS,ATL,1946,Weather,
2015,09,03,TLH,ATL,2103,Weather,
2015,11,02,DFW,ATL,2131,Weather,
2015,11,03,AUS,ATL,0915,Weather,
2015,11,04,LAS,ATL,1235,Weather,
2015,11,05,IAH,ATL,2213,Weather,
2015,11,06,HPN,ATL,0821,Weather,
2015,11,06,PHF,ATL,0750,Weather,
2015,11,07,BQK,ATL,0722,Weather,
2015,11,11,MCO,ATL,0940,Weather,
2015,11,11,MDW,ATL,1425,Weather,
2015,11,11,ORD,ATL,0044,Weather,
2015,11,17,DEN,ATL,1140,Weather,
2015,11,17,HOU,ATL,1300,Weather,
2015,11,18,CRW,ATL,1304,Weather,
2015,11,18,MOB,ATL,1359,Weather,
2015,11,18,ORD,ATL,1514,Weather,
2015,11,18,CRW,ATL,1534,Weather,
2015,11,18,MOB,ATL,1804,Weather,
2015,11,18,CLT,ATL,1710,Weather,
2015,11,18,TRI,ATL,1919,Weather,
2015,11,18,MGM,ATL,2052,Weather,
2015,11,18,GNV,ATL,2040,Weather,
2015,11,18,LEX,ATL,2116,Weather,
2015,11,18,TLH,ATL,2115,Weather,
2015,11,19,BTR,ATL,0900,Weather,
2015,11,19,CAE,ATL,0943,Weather,
2015,11,19,LGA,ATL,1715,Weather,
2015,11,20,ORD,ATL,2352,Weather,
2015,11,21,CID,ATL,0908,Weather,
2015,11,21,MDW,ATL,1500,Weather,
2015,11,21,ORD,ATL,1514,Weather,
2015,11,21,MDW,ATL,1940,Weather,
2015,11,21,ORD,ATL,2136,Weather,
2015,11,22,ORD,ATL,1109,Weather,
2015,11,30,AVL,ATL,1130,Weather,
2015,11,30,AVL,ATL,1534,Weather,
2015,11,30,AVL,ATL,1817,Weather,
2015,11,30,AVL,ATL,2013,Weather,
2015,12,01,AVL,ATL,1607,Weather,
2015,12,01,AVL,ATL,1830,Weather,
2015,12,01,AVL,ATL,2048,Weather,
2015,12,01,ROA,ATL,2117,Weather,
2015,12,02,EWN,ATL,0735,Weather,
2015,12,02,MDW,ATL,0855,Weather,
2015,12,02,BQK,ATL,0727,Weather,
2015,12,02,MDW,ATL,1530,Weather,
2015,12,05,BMI,ATL,0846,Weather,
2015,12,07,PIA,ATL,1309,Weather,
2015,12,07,MDW,ATL,1530,Weather,
2015,12,07,MDW,ATL,2120,Weather,
2015,12,12,MDW,ATL,1940,Weather,
2015,12,12,MDW,ATL,2205,Weather,
2015,12,14,HPN,ATL,1247,Weather,
2015,12,14,HPN,ATL,1455,Weather,
2015,12,14,RST,ATL,1804,Weather,
2015,12,14,HPN,ATL,1732,Weather,
2015,12,15,HPN,ATL,0827,Weather,
2015,12,15,DEN,ATL,1140,Weather,
2015,12,15,DEN,ATL,2335,Weather,
2015,12,16,LAS,ATL,0705,Weather,
2015,12,18,HPN,ATL,0827,Weather,
2015,12,20,ASE,ATL,1928,Weather,
2015,12,22,ROA,ATL,1257,Weather,
2015,12,22,ROA,ATL,1530,Weather,
2015,12,22,ROA,ATL,1824,Weather,
2015,12,23,ROA,ATL,1257,Weather,
2015,12,23,ASE,ATL,1928,Weather,
2015,12,23,AGS,ATL,1827,Weather,
2015,12,24,DHN,ATL,0729,Weather,
2015,12,24,PHF,ATL,0753,Weather,
2015,12,24,BMI,ATL,0837,Weather,
2015,12,24,HPN,ATL,0928,Weather,
2015,12,24,GSP,ATL,0758,Weather,
2015,12,24,BTR,ATL,1004,Weather,
2015,12,24,MDW,ATL,1035,Weather,
2015,12,24,DCA,ATL,1100,Weather,
2015,12,24,MSP,ATL,1305,Weather,
2015,12,24,FLL,ATL,1135,Weather,
2015,12,24,MKE,ATL,1305,Weather,
2015,12,24,HOU,ATL,1300,Weather,
2015,12,24,GPT,ATL,1230,Weather,
2015,12,24,MCI,ATL,1310,Weather,
2015,12,24,GSP,ATL,1130,Weather,
2015,12,24,BOS,ATL,1355,Weather,
2015,12,24,TPA,ATL,1230,Weather,
2015,12,24,DTW,ATL,1305,Weather,
2015,12,24,RIC,ATL,1255,Weather,
2015,12,24,CHA,ATL,1153,Weather,
2015,12,24,DCA,ATL,1305,Weather,
2015,12,24,LFT,ATL,1357,Weather,
2015,12,24,ORD,ATL,1419,Weather,
2015,12,24,CMH,ATL,1300,Weather,
2015,12,24,STL,ATL,1401,Weather,
2015,12,24,ROA,ATL,1257,Weather,
2015,12,24,EVV,ATL,1352,Weather,
2015,12,24,MDW,ATL,1420,Weather,
2015,12,24,IND,ATL,1305,Weather,
2015,12,24,LEX,ATL,1256,Weather,
2015,12,24,RDU,ATL,1300,Weather,
2015,12,24,CRW,ATL,1305,Weather,
2015,12,24,JAX,ATL,1302,Weather,
2015,12,24,MEM,ATL,1420,Weather,
2015,12,24,VLD,ATL,1259,Weather,
2015,12,24,TRI,ATL,1305,Weather,
2015,12,24,BWI,ATL,1410,Weather,
2015,12,24,MDT,ATL,1420,Weather,
2015,12,24,PVD,ATL,1515,Weather,
2015,12,24,ORD,ATL,1512,Weather,
2015,12,24,RIC,ATL,1412,Weather,
2015,12,24,DAL,ATL,1520,Weather,
2015,12,24,SDF,ATL,1358,Weather,
2015,12,24,MDW,ATL,1530,Weather,
2015,12,24,STL,ATL,1510,Weather,
2015,12,24,PHL,ATL,1501,Weather,
2015,12,24,DEN,ATL,1735,Weather,
2015,12,24,GNV,ATL,1407,Weather,
2015,12,24,BTR,ATL,1518,Weather,
2015,12,24,FLL,ATL,1450,Weather,
2015,12,24,SAV,ATL,1417,Weather,
2015,12,24,MSY,ATL,1520,Weather,
2015,12,24,AVL,ATL,1419,Weather,
2015,12,24,OMA,ATL,1629,Weather,
2015,12,24,AGS,ATL,1420,Weather,
2015,12,24,MOB,ATL,1535,Weather,
2015,12,24,MCO,ATL,1455,Weather,
2015,12,24,TPA,ATL,1500,Weather,
2015,12,24,PBI,ATL,1535,Weather,
2015,12,24,OAJ,ATL,1525,Weather,
2015,12,24,LFT,ATL,1628,Weather,
2015,12,24,ROA,ATL,1530,Weather,
2015,12,24,FAY,ATL,1529,Weather,
2015,12,24,HOU,ATL,1655,Weather,
2015,12,24,DHN,ATL,1600,Weather,
2015,12,24,AEX,ATL,1638,Weather,
2015,12,24,GSP,ATL,1507,Weather,
2015,12,24,TYS,ATL,1505,Weather,
2015,12,24,SGF,ATL,1647,Weather,
2015,12,24,GSO,ATL,1535,Weather,
2015,12,24,JAX,ATL,1510,Weather,
2015,12,24,CRW,ATL,1535,Weather,
2015,12,24,MLB,ATL,1552,Weather,
2015,12,24,MLU,ATL,1646,Weather,
2015,12,24,TRI,ATL,1533,Weather,
2015,12,24,LGA,ATL,1715,Weather,
2015,12,24,VPS,ATL,1648,Weather,
2015,12,24,RDU,ATL,1615,Weather,
2015,12,24,BWI,ATL,1645,Weather,
2015,12,24,BTR,ATL,1715,Weather,
2015,12,24,RSW,ATL,1650,Weather,
2015,12,24,CHA,ATL,1552,Weather,
2015,12,24,ILM,ATL,1631,Weather,
2015,12,24,GNV,ATL,1620,Weather,
2015,12,24,HPN,ATL,1735,Weather,
2015,12,24,MCO,ATL,1655,Weather,
2015,12,24,XNA,ATL,1811,Weather,
2015,12,24,MSY,ATL,1745,Weather,
2015,12,24,MGM,ATL,1719,Weather,
2015,12,24,TLH,ATL,1635,Weather,
2015,12,24,OKC,ATL,1838,Weather,
2015,12,24,EWN,ATL,1725,Weather,
2015,12,24,MOB,ATL,1802,Weather,
2015,12,24,DFW,ATL,1903,Weather,
2015,12,24,JAN,ATL,1830,Weather,
2015,12,24,GTR,ATL,1823,Weather,
2015,12,24,AVL,ATL,1804,Weather,
2015,12,24,MYR,ATL,1906,Weather,
2015,12,25,EYW,ATL,1242,Weather,
2015,12,25,GRK,ATL,1534,Weather,
2015,12,26,DFW,ATL,2125,Weather,
2015,12,26,DAL,ATL,2250,Weather,
2015,12,26,DFW,ATL,0027,Weather,
2015,12,27,FAY,ATL,0731,Weather,
2015,12,27,PHF,ATL,0753,Weather,
2015,12,27,OAJ,ATL,0732,Weather,
2015,12,27,EWN,ATL,0735,Weather,
2015,12,27,DFW,ATL,1215,Weather,
2015,12,27,LAX,ATL,1717,Weather,
2015,12,27,DFW,ATL,1357,Weather,
2015,12,27,LIT,ATL,2003,Weather,
2015,12,27,BHM,ATL,1924,Weather,
2015,12,27,DFW,ATL,0027,Weather,
2015,12,27,DFW,ATL,0242,Weather,
2015,12,28,OKC,ATL,0915,Weather,
2015,12,28,IAH,ATL,1004,Weather,
2015,12,28,MDW,ATL,1100,Weather,
2015,12,28,MKE,ATL,1300,Weather,
2015,12,28,AGS,ATL,1122,Weather,
2015,12,28,ORD,ATL,1423,Weather,
2015,12,28,ORD,ATL,1512,Weather,
2015,12,28,MDW,ATL,1520,Weather,
2015,12,28,DTW,ATL,1640,Weather,
2015,12,28,XNA,ATL,1811,Weather,
2015,12,28,DFW,ATL,1836,Weather,
2015,12,28,ORD,ATL,1903,Weather,
2015,12,28,MDW,ATL,1850,Weather,
2015,12,28,MKE,ATL,2020,Weather,
2015,12,28,ORD,ATL,2055,Weather,
2015,12,28,DTW,ATL,2020,Weather,
2015,12,28,MDW,ATL,2120,Weather,
2015,12,28,ORD,ATL,2135,Weather,
2015,12,28,ORD,ATL,2250,Weather,
2015,12,28,MDW,ATL,2250,Weather,
2015,12,29,GRB,ATL,0904,Weather,
2015,12,29,FLL,ATL,0950,Weather,
2015,12,29,LAX,ATL,1717,Weather,
2015,12,29,DFW,ATL,1356,Weather,
2015,12,29,FWA,ATL,1352,Weather,
2015,12,29,XNA,ATL,1506,Weather,
2015,12,29,TYS,ATL,1720,Weather,
2015,12,30,PHF,ATL,0753,Weather,
2015,12,30,JAN,ATL,0823,Weather,
2015,12,30,RIC,ATL,0750,Weather,
2015,12,30,EWR,ATL,0856,Weather,
2015,12,30,DEN,ATL,1451,Weather,
2015,12,30,GSP,ATL,1507,Weather,
2015,12,30,JAN,ATL,1642,Weather,
2015,12,30,ILM,ATL,1631,Weather,
2015,12,30,PIA,ATL,1904,Weather,
2015,12,30,AEX,ATL,1956,Weather,
2015,12,30,HPN,ATL,1954,Weather,
2015,12,30,AVL,ATL,1954,Weather,
2015,12,30,HSV,ATL,2126,Weather,
2015,12,31,ABE,ATL,0813,Weather,
2015,12,31,VLD,ATL,0718,Weather,
2015,12,31,CAE,ATL,0843,Weather,
